identifiantClient;nom;prenom;adresse;dateSouscription
2;Cob;Laite;claite1@patch.com;2/12/2022
3;Marie-ann;Simmons;msimmons2@google.co.uk;7/23/2022
4;Priscilla;McCloch;pmccloch3@scribd.com;2/23/2022
5;Chrystel;Oliver-Paull;coliverpaull4@cbslocal.com;3/20/2022
6;Hilarius;Moxon;hmoxon5@mail.ru;6/25/2022
7;Rem;Reolfo;rreolfo6@blinklist.com;4/25/2022
8;Casandra;Doone;cdoone7@newyorker.com;1/28/2022
9;Christoforo;Machel;cmachel8@example.com;6/15/2022
10;Fredrika;Spall;fspall9@harvard.edu;4/27/2022
11;Osbourn;Fost;ofosta@examiner.com;11/24/2022
12;Catlee;Hinksen;chinksenb@admin.ch;1/30/2022
13;Towney;Shillington;tshillingtonc@deliciousdays.com;8/20/2022
14;Bale;Duncan;bduncand@cornell.edu;5/19/2022
15;Ronny;Golden of Ireland;rgoldenofirelande@vistaprint.com;7/21/2022
16;Elsy;Atthow;eatthowf@dropbox.com;6/28/2022
17;Giff;Simecek;gsimecekg@friendfeed.com;3/23/2022
18;Wilt;Pincked;wpinckedh@tinyurl.com;6/28/2022
19;Gareth;Cromblehome;gcromblehomei@chronoengine.com;10/14/2022
20;Rubi;Riccardi;rriccardij@about.com;2/15/2022
21;Gayelord;O'Currine;gocurrinek@imdb.com;3/8/2022
22;Shelia;Phillipps;sphillippsl@booking.com;4/8/2022
23;Hesther;Lahy;hlahym@mlb.com;1/28/2022
24;Sidonnie;Rourke;srourken@dailymotion.com;3/9/2022
25;Lotta;Loughhead;lloughheado@photobucket.com;3/14/2022
26;Shirley;Arnot;sarnotp@unicef.org;5/5/2022
27;Barbey;Fillery;bfilleryq@springer.com;12/23/2021
28;Kris;Thraves;kthravesr@amazon.de;2/12/2022
29;Worth;Cyseley;wcyseleys@sourceforge.net;10/11/2022
30;Irena;Klais;iklaist@indiatimes.com;1/15/2022
31;Elonore;Keen;ekeenu@friendfeed.com;4/20/2022
32;Emelda;Dulany;edulanyv@lulu.com;11/10/2022
33;Zebulen;Bertouloume;zbertouloumew@a8.net;1/27/2022
34;Gunther;Moynham;gmoynhamx@wikimedia.org;9/17/2022
35;Terrance;Mulloch;tmullochy@google.cn;6/21/2022
36;Gerta;Lisamore;glisamorez@shareasale.com;7/4/2022
37;Loise;Sunnucks;lsunnucks10@google.cn;11/24/2022
38;Idalina;Locket;ilocket11@cmu.edu;9/5/2022
39;Cinnamon;Stollmeier;cstollmeier12@ucoz.com;10/12/2022
40;Ilyssa;Horrell;ihorrell13@weibo.com;3/14/2022
41;Newton;Caulliere;ncaulliere14@sbwire.com;3/25/2022
42;Iris;Huntall;ihuntall15@vistaprint.com;11/19/2022
43;Fidelity;Grenville;fgrenville16@freewebs.com;4/18/2022
44;Antonetta;Dybell;adybell17@ustream.tv;2/18/2022
45;Dodi;Schubbert;dschubbert18@cyberchimps.com;2/11/2022
46;Ferdie;Miche;fmiche19@indiegogo.com;11/5/2022
47;Shem;Meriott;smeriott1a@com.com;12/3/2022
48;Tracee;Sleicht;tsleicht1b@ustream.tv;5/22/2022
49;Ingunna;Fawssett;ifawssett1c@geocities.jp;12/20/2021
50;Marlena;Reichhardt;mreichhardt1d@google.com;8/6/2022
51;Cherida;MacCole;cmaccole1e@usa.gov;9/16/2022
52;Britt;Brend;bbrend1f@sakura.ne.jp;9/13/2022
53;Granthem;Sloper;gsloper1g@tripod.com;9/19/2022
54;Barbey;Bubear;bbubear1h@merriam-webster.com;7/17/2022
55;Kaleb;Neal;kneal1i@europa.eu;1/18/2022
56;Shanan;Kerley;skerley1j@va.gov;12/15/2021
57;Jory;Bilbee;jbilbee1k@usda.gov;7/19/2022
58;Cherise;Chaudrelle;cchaudrelle1l@europa.eu;11/2/2022
59;Alphonse;Colly;acolly1m@google.ru;6/15/2022
60;Saunders;Rainford;srainford1n@fema.gov;12/26/2021
61;Grace;Finnes;gfinnes1o@pbs.org;12/28/2021
62;Lorette;Summerscales;lsummerscales1p@discovery.com;6/12/2022
63;Vick;Belch;vbelch1q@admin.ch;6/25/2022
64;Ardyth;Renison;arenison1r@webeden.co.uk;1/6/2022
65;Sacha;Gravener;sgravener1s@cbsnews.com;8/19/2022
66;Lianne;Elsegood;lelsegood1t@nifty.com;2/2/2022
67;Gelya;Fatkin;gfatkin1u@instagram.com;9/7/2022
68;Catrina;Follin;cfollin1v@ftc.gov;5/26/2022
69;Matthaeus;Pothergill;mpothergill1w@angelfire.com;3/11/2022
70;Averil;Springthorpe;aspringthorpe1x@microsoft.com;9/11/2022
71;Goddart;Load;gload1y@nyu.edu;4/1/2022
72;Jessee;Lehrer;jlehrer1z@sciencedirect.com;12/27/2021
73;Danika;Cracker;dcracker20@mtv.com;10/9/2022
74;Dee dee;Drewett;ddrewett21@tiny.cc;12/23/2021
75;Marney;Hadwen;mhadwen22@reddit.com;2/3/2022
76;Cathryn;Jobbing;cjobbing23@ifeng.com;9/7/2022
77;Ky;Brumpton;kbrumpton24@ucsd.edu;8/30/2022
78;Pierrette;Smalcombe;psmalcombe25@joomla.org;5/26/2022
79;Cinda;Matuszak;cmatuszak26@ihg.com;10/23/2022
80;Paquito;Deeley;pdeeley27@printfriendly.com;7/24/2022
81;Vivie;Bernholt;vbernholt28@craigslist.org;12/25/2021
82;Merrel;Child;mchild29@ehow.com;4/1/2022
83;Philly;McLauchlin;pmclauchlin2a@utexas.edu;8/31/2022
84;Dierdre;Cartwright;dcartwright2b@tiny.cc;9/8/2022
85;Ches;Whiting;cwhiting2c@goodreads.com;3/1/2022
86;Trever;Corsham;tcorsham2d@dailymail.co.uk;12/26/2021
87;Lane;Erett;lerett2e@lulu.com;3/31/2022
88;Elysha;Savile;esavile2f@dailymail.co.uk;6/17/2022
89;Hallsy;Sims;hsims2g@nifty.com;9/13/2022
90;Mari;Januszewski;mjanuszewski2h@google.co.jp;4/25/2022
91;Rosalie;Pierri;rpierri2i@privacy.gov.au;1/15/2022
92;Ruperta;Pitway;rpitway2j@umn.edu;4/30/2022
93;Rawley;Lukes;rlukes2k@who.int;7/29/2022
94;Huberto;Maunton;hmaunton2l@odnoklassniki.ru;7/12/2022
95;Kali;Domenge;kdomenge2m@alibaba.com;10/12/2022
96;Kippie;Sustins;ksustins2n@howstuffworks.com;7/27/2022
97;Etheline;Marritt;emarritt2o@usnews.com;7/28/2022
98;Klemens;Doulden;kdoulden2p@ezinearticles.com;11/23/2022
99;Deane;Copozio;dcopozio2q@mtv.com;8/16/2022
100;Sibley;Clinkard;sclinkard2r@msu.edu;9/14/2022
101;Siffre;Barnson;sbarnson2s@google.pl;3/4/2022
102;Nels;Dunaway;ndunaway2t@cisco.com;8/8/2022
103;Jackson;Giffin;jgiffin2u@fc2.com;10/9/2022
104;Rustin;Ellerey;rellerey2v@1688.com;3/4/2022
105;Patsy;Kettlesing;pkettlesing2w@csmonitor.com;8/2/2022
106;Luella;Hucquart;lhucquart2x@simplemachines.org;3/18/2022
107;Hilliary;Denys;hdenys2y@google.pl;9/9/2022
108;Mortimer;Driscoll;mdriscoll2z@microsoft.com;4/11/2022
109;Ozzy;Murrells;omurrells30@purevolume.com;7/6/2022
110;Evvy;Mattingson;emattingson31@ox.ac.uk;3/7/2022
111;Tova;Pailin;tpailin32@dailymail.co.uk;3/20/2022
112;Ulrick;Shields;ushields33@acquirethisname.com;12/28/2021
113;Gregory;Crusham;gcrusham34@barnesandnoble.com;6/30/2022
114;Gunter;Phizakarley;gphizakarley35@wikimedia.org;8/9/2022
115;Portia;Dilger;pdilger36@google.co.uk;9/3/2022
116;Klara;Joderli;kjoderli37@adobe.com;7/9/2022
117;Lebbie;Claibourn;lclaibourn38@yandex.ru;2/2/2022
118;Tobe;Labusquiere;tlabusquiere39@blog.com;11/21/2022
119;Richardo;Geraldez;rgeraldez3a@tamu.edu;2/13/2022
120;Kristal;MacTrustram;kmactrustram3b@nytimes.com;9/28/2022
121;Kylie;Aubert;kaubert3c@zdnet.com;3/29/2022
122;Sella;MacLaverty;smaclaverty3d@wikispaces.com;7/7/2022
123;Alric;Gloyens;agloyens3e@list-manage.com;4/20/2022
124;Noble;Fowles;nfowles3f@comcast.net;4/3/2022
125;Lucilia;Georghiou;lgeorghiou3g@goo.ne.jp;10/7/2022
126;Rad;Chanter;rchanter3h@ucla.edu;6/23/2022
127;Alasteir;Desmond;adesmond3i@webmd.com;10/5/2022
128;Janos;Fucher;jfucher3j@t.co;1/25/2022
129;Brocky;Kunat;bkunat3k@ucoz.ru;3/20/2022
130;Halley;Pellitt;hpellitt3l@redcross.org;5/15/2022
131;Jacqui;Bartram;jbartram3m@stumbleupon.com;5/30/2022
132;Leonanie;Treswell;ltreswell3n@discuz.net;6/8/2022
133;Juliette;Lobley;jlobley3o@angelfire.com;10/26/2022
134;Monti;Axon;maxon3p@parallels.com;9/16/2022
135;Zacharia;Kief;zkief3q@baidu.com;12/17/2021
136;Egon;Keemar;ekeemar3r@123-reg.co.uk;12/10/2021
137;Walden;Pelcheur;wpelcheur3s@icq.com;7/18/2022
138;Joshua;Robus;jrobus3t@nyu.edu;11/5/2022
139;Zenia;Standish;zstandish3u@printfriendly.com;3/5/2022
140;Gwynne;Kelwaybamber;gkelwaybamber3v@dedecms.com;12/3/2022
141;Laraine;Kennelly;lkennelly3w@woothemes.com;6/19/2022
142;Trace;Cushworth;tcushworth3x@constantcontact.com;7/20/2022
143;Beniamino;Giblin;bgiblin3y@posterous.com;6/15/2022
144;Sheila;Ashwin;sashwin3z@sakura.ne.jp;2/11/2022
145;Delcina;Whelband;dwhelband40@cbsnews.com;9/27/2022
146;Sabina;Morsom;smorsom41@prnewswire.com;11/22/2022
147;Cory;Ivery;civery42@bluehost.com;4/19/2022
148;Nita;Vickerman;nvickerman43@google.de;5/27/2022
149;Tobey;Tobin;ttobin44@mtv.com;6/29/2022
150;Olva;Silversmidt;osilversmidt45@instagram.com;12/8/2021
151;Rodd;Dowse;rdowse46@ucoz.ru;7/18/2022
152;Bev;Sigert;bsigert47@friendfeed.com;3/23/2022
153;Aili;Beggio;abeggio48@earthlink.net;4/27/2022
154;Eleanore;Doche;edoche49@addtoany.com;2/3/2022
155;Mohammed;Gemelli;mgemelli4a@wikia.com;8/18/2022
156;Bryan;McMorran;bmcmorran4b@bbb.org;9/16/2022
157;Shepperd;Massen;smassen4c@newyorker.com;11/20/2022
158;Janenna;Chrishop;jchrishop4d@google.com.br;1/6/2022
159;Aleta;Cant;acant4e@va.gov;11/2/2022
160;Tallulah;Stapleton;tstapleton4f@google.ca;10/17/2022
161;Gayle;MacGowing;gmacgowing4g@lycos.com;8/19/2022
162;Crawford;Yglesia;cyglesia4h@fema.gov;6/22/2022
163;Aggi;Collinson;acollinson4i@mozilla.org;12/20/2021
164;Zack;Clynter;zclynter4j@nytimes.com;12/26/2021
165;Lewie;Turbayne;lturbayne4k@narod.ru;4/10/2022
166;Patton;Alyonov;palyonov4l@google.it;5/8/2022
167;Gian;Mullord;gmullord4m@about.com;3/1/2022
168;Louis;Ponter;lponter4n@wordpress.com;7/26/2022
169;Donal;Shitliff;dshitliff4o@cafepress.com;6/1/2022
170;Morris;Sebrook;msebrook4p@homestead.com;12/23/2021
171;Derek;Landsborough;dlandsborough4q@chronoengine.com;1/10/2022
172;Buck;Florentine;bflorentine4r@about.me;9/16/2022
173;Olimpia;Mignot;omignot4s@ibm.com;8/24/2022
174;Joshia;Rookwell;jrookwell4t@wired.com;8/22/2022
175;Branden;Nelmes;bnelmes4u@apple.com;7/22/2022
176;Yasmeen;Simonou;ysimonou4v@ucla.edu;5/10/2022
177;Bartholomew;Sans;bsans4w@bloomberg.com;11/10/2022
178;Tore;Creigan;tcreigan4x@rambler.ru;7/3/2022
179;Ardelle;Valentine;avalentine4y@squidoo.com;4/4/2022
180;Turner;Hubback;thubback4z@tiny.cc;2/4/2022
181;Obed;Barmby;obarmby50@patch.com;7/22/2022
182;Sheeree;Vaneev;svaneev51@techcrunch.com;8/29/2022
183;Jehu;Feighry;jfeighry52@bravesites.com;4/22/2022
184;Ogdon;Kembley;okembley53@wp.com;3/3/2022
185;Christal;Fountain;cfountain54@microsoft.com;8/26/2022
186;Buddie;Raylton;braylton55@liveinternet.ru;12/15/2021
187;Louisette;Jepp;ljepp56@cafepress.com;1/14/2022
188;Pinchas;Dottridge;pdottridge57@springer.com;11/27/2022
189;Christophorus;Yeend;cyeend58@thetimes.co.uk;2/9/2022
190;Fay;Feighney;ffeighney59@youtube.com;10/30/2022
191;Tiena;Hakes;thakes5a@canalblog.com;1/26/2022
192;Aristotle;Eaton;aeaton5b@networksolutions.com;3/4/2022
193;Gerianne;Ipwell;gipwell5c@feedburner.com;4/18/2022
194;Joellen;Mapholm;jmapholm5d@paginegialle.it;10/7/2022
195;Morgen;Bruna;mbruna5e@privacy.gov.au;3/27/2022
196;Corby;Crotty;ccrotty5f@arstechnica.com;4/13/2022
197;Nissa;Muddimer;nmuddimer5g@taobao.com;8/13/2022
198;Filippa;Pinder;fpinder5h@prlog.org;11/12/2022
199;Freddi;Wormstone;fwormstone5i@scientificamerican.com;10/12/2022
200;Ira;Roseburgh;iroseburgh5j@g.co;7/26/2022
201;Ina;Thowes;ithowes5k@lulu.com;4/25/2022
202;Sophia;Thurlow;sthurlow5l@marketwatch.com;6/18/2022
203;Dasi;Deadman;ddeadman5m@wikispaces.com;2/3/2022
204;Mercy;Paprotny;mpaprotny5n@telegraph.co.uk;5/31/2022
205;Audrie;Calterone;acalterone5o@theatlantic.com;12/28/2021
206;Nicko;Hughs;nhughs5p@netscape.com;3/22/2022
207;Reider;Blanking;rblanking5q@ca.gov;5/2/2022
208;Rickie;Assender;rassender5r@wikispaces.com;5/25/2022
209;Jammal;Claussen;jclaussen5s@state.gov;8/22/2022
210;Emile;Cheke;echeke5t@nytimes.com;8/21/2022
211;Beret;Dayne;bdayne5u@edublogs.org;8/11/2022
212;Geoff;Locke;glocke5v@networksolutions.com;5/4/2022
213;Kariotta;Jaffa;kjaffa5w@discuz.net;5/31/2022
214;Dick;Di Nisco;ddinisco5x@elegantthemes.com;4/17/2022
215;Jephthah;Calcott;jcalcott5y@digg.com;5/4/2022
216;Lorrie;Ramelet;lramelet5z@craigslist.org;6/5/2022
217;Rory;Spaldin;rspaldin60@blogger.com;9/10/2022
218;Rory;Kembery;rkembery61@army.mil;7/3/2022
219;Cordy;Nellis;cnellis62@deviantart.com;2/20/2022
220;Reine;McNess;rmcness63@stanford.edu;12/11/2021
221;Joey;Woolaghan;jwoolaghan64@japanpost.jp;3/23/2022
222;Sosanna;Croft;scroft65@eepurl.com;1/6/2022
223;Bonnee;Marcroft;bmarcroft66@list-manage.com;8/28/2022
224;Neala;Wanjek;nwanjek67@ezinearticles.com;9/2/2022
225;Ethelin;Bisseker;ebisseker68@infoseek.co.jp;11/4/2022
226;Uriah;Fairpool;ufairpool69@guardian.co.uk;7/2/2022
227;Brad;Solesbury;bsolesbury6a@cnbc.com;1/5/2022
228;Simmonds;Shervil;sshervil6b@examiner.com;4/10/2022
229;Townie;Gallacher;tgallacher6c@purevolume.com;2/7/2022
230;Aubrie;Peet;apeet6d@ameblo.jp;7/6/2022
231;Charla;Bartleet;cbartleet6e@domainmarket.com;11/18/2022
232;Reynolds;Ingleson;ringleson6f@etsy.com;5/4/2022
233;Hana;Cuddehy;hcuddehy6g@acquirethisname.com;2/2/2022
234;Schuyler;Eloi;seloi6h@surveymonkey.com;6/19/2022
235;Casey;Kyles;ckyles6i@macromedia.com;11/27/2022
236;Basia;Verissimo;bverissimo6j@ihg.com;7/6/2022
237;Marjy;Edwardes;medwardes6k@miitbeian.gov.cn;3/4/2022
238;Deloria;Nuzzetti;dnuzzetti6l@sitemeter.com;2/25/2022
239;Faunie;Breache;fbreache6m@hexun.com;6/17/2022
240;Nady;Nulty;nnulty6n@wired.com;9/29/2022
241;Annecorinne;Pristnor;apristnor6o@latimes.com;1/9/2022
242;Briana;Coleyshaw;bcoleyshaw6p@yolasite.com;10/16/2022
243;Lorrie;Swift;lswift6q@moonfruit.com;11/1/2022
244;Alonso;Spata;aspata6r@sakura.ne.jp;1/4/2022
245;Teador;Brymham;tbrymham6s@archive.org;7/1/2022
246;Ronna;Eddowis;reddowis6t@webeden.co.uk;12/20/2021
247;Nikolos;Towse;ntowse6u@dropbox.com;9/14/2022
248;Rickey;Eginton;reginton6v@msn.com;5/8/2022
249;Joanne;Karolovsky;jkarolovsky6w@adobe.com;4/21/2022
250;Bax;Lestrange;blestrange6x@oracle.com;6/12/2022
251;Gloriana;Bendall;gbendall6y@loc.gov;10/12/2022
252;Lacie;Casaletto;lcasaletto6z@shareasale.com;8/21/2022
253;Cameron;Witt;cwitt70@ucoz.com;8/2/2022
254;Evangelin;Shearsby;eshearsby71@imgur.com;7/30/2022
255;Wendye;Sinson;wsinson72@omniture.com;5/23/2022
256;Alvera;Siddon;asiddon73@smugmug.com;8/6/2022
257;Brock;Staggs;bstaggs74@yandex.ru;10/8/2022
258;Westbrooke;Oulet;woulet75@who.int;5/1/2022
259;Mae;Tranfield;mtranfield76@goo.gl;9/27/2022
260;Ailee;Arboin;aarboin77@cyberchimps.com;12/22/2021
261;Cart;Bestwick;cbestwick78@google.nl;2/27/2022
262;Gretna;Aloshkin;galoshkin79@dell.com;7/24/2022
263;Harli;Liddy;hliddy7a@123-reg.co.uk;5/10/2022
264;Dotti;Chessell;dchessell7b@privacy.gov.au;4/3/2022
265;Alyda;Scripture;ascripture7c@instagram.com;1/16/2022
266;Peder;Legrave;plegrave7d@miitbeian.gov.cn;5/13/2022
267;Halette;De Few;hdefew7e@illinois.edu;2/16/2022
268;Ive;McGlashan;imcglashan7f@cyberchimps.com;12/17/2021
269;Alwyn;Tollady;atollady7g@boston.com;10/23/2022
270;Cornell;Dymond;cdymond7h@gravatar.com;5/19/2022
271;Brennan;Crane;bcrane7i@paypal.com;12/30/2021
272;Rebeca;Douse;rdouse7j@w3.org;2/9/2022
273;Teirtza;Lindermann;tlindermann7k@ucsd.edu;3/4/2022
274;Barr;D'Almeida;bdalmeida7l@usa.gov;11/17/2022
275;Tatum;Alyonov;talyonov7m@imdb.com;7/30/2022
276;Codie;Sholem;csholem7n@example.com;11/24/2022
277;Brigitte;Bastable;bbastable7o@moonfruit.com;5/21/2022
278;Gabriel;Gluyus;ggluyus7p@tuttocitta.it;12/27/2021
279;Zackariah;Leadstone;zleadstone7q@constantcontact.com;5/16/2022
280;Celestina;Sive;csive7r@cloudflare.com;3/17/2022
281;Fulton;Staterfield;fstaterfield7s@sohu.com;4/12/2022
282;Clevey;Fife;cfife7t@acquirethisname.com;9/8/2022
283;Luce;Langelay;llangelay7u@alexa.com;7/10/2022
284;Jerrold;Cattermull;jcattermull7v@sciencedirect.com;7/23/2022
285;Hillier;Galero;hgalero7w@discuz.net;7/8/2022
286;Clay;Jerram;cjerram7x@gnu.org;7/20/2022
287;Joelle;Manby;jmanby7y@blogtalkradio.com;6/6/2022
288;Caspar;Chamberlain;cchamberlain7z@tripod.com;3/8/2022
289;Mavra;Jimeno;mjimeno80@newsvine.com;12/3/2022
290;Alonzo;Janton;ajanton81@oakley.com;3/11/2022
291;Rodina;Thorowgood;rthorowgood82@netscape.com;3/1/2022
292;Naomi;Sewell;nsewell83@nyu.edu;1/28/2022
293;Roobbie;Mailes;rmailes84@angelfire.com;2/15/2022
294;Jerry;Oakman;joakman85@dropbox.com;5/16/2022
295;Lisette;Strahan;lstrahan86@about.com;6/5/2022
296;Mill;Toffel;mtoffel87@tmall.com;6/3/2022
297;Galina;Loggie;gloggie88@devhub.com;4/22/2022
298;Schuyler;Agron;sagron89@amazon.de;6/9/2022
299;Dudley;Henrys;dhenrys8a@seattletimes.com;6/4/2022
300;Tremaine;Lamburne;tlamburne8b@auda.org.au;7/17/2022
301;Robbin;Gornar;rgornar8c@cnn.com;6/15/2022
302;Kath;Glanester;kglanester8d@cargocollective.com;11/27/2022
303;Timmy;Gilding;tgilding8e@fc2.com;11/18/2022
304;Ahmed;Vinsen;avinsen8f@dagondesign.com;7/25/2022
305;Garrik;Emmet;gemmet8g@admin.ch;12/18/2021
306;Nicola;Kaszper;nkaszper8h@apache.org;12/21/2021
307;Fifine;Wholesworth;fwholesworth8i@usa.gov;3/10/2022
308;Payton;Oret;poret8j@fotki.com;11/7/2022
309;Felic;Blaxter;fblaxter8k@123-reg.co.uk;2/11/2022
310;Aurel;Bolliver;abolliver8l@howstuffworks.com;7/10/2022
311;Shelia;Bleby;sbleby8m@reuters.com;7/8/2022
312;Kermit;Jocic;kjocic8n@youku.com;8/21/2022
313;Michael;Lomath;mlomath8o@ebay.co.uk;12/7/2021
314;Dante;Leversuch;dleversuch8p@feedburner.com;11/23/2022
315;Jody;Gotecliffe;jgotecliffe8q@aol.com;4/14/2022
316;Irwin;Kembley;ikembley8r@squidoo.com;11/4/2022
317;Tony;Jailler;tjailler8s@desdev.cn;1/21/2022
318;Freeland;Prichet;fprichet8t@usgs.gov;11/8/2022
319;Edwina;Wildin;ewildin8u@soup.io;12/25/2021
320;Vin;Zorzenoni;vzorzenoni8v@miibeian.gov.cn;5/28/2022
321;Man;Coldham;mcoldham8w@yale.edu;12/11/2021
322;Ichabod;Haslin;ihaslin8x@163.com;6/8/2022
323;Russell;Cuolahan;rcuolahan8y@springer.com;11/10/2022
324;Lucie;Chadburn;lchadburn8z@ox.ac.uk;2/17/2022
325;Meta;Bidder;mbidder90@huffingtonpost.com;1/17/2022
326;Binnie;Orrin;borrin91@arstechnica.com;7/3/2022
327;Annissa;Verduin;averduin92@statcounter.com;12/2/2022
328;Christy;Lillecrap;clillecrap93@timesonline.co.uk;5/6/2022
329;Nial;Puckett;npuckett94@dion.ne.jp;11/21/2022
330;Jocelyn;Balaizot;jbalaizot95@nifty.com;2/18/2022
331;Jacinta;Denley;jdenley96@privacy.gov.au;6/18/2022
332;Boothe;Hartzogs;bhartzogs97@w3.org;2/9/2022
333;Colman;Graveson;cgraveson98@privacy.gov.au;3/1/2022
334;Florence;Roocroft;froocroft99@instagram.com;1/20/2022
335;Joey;Dolohunty;jdolohunty9a@mayoclinic.com;1/15/2022
336;Billy;Neil;bneil9b@si.edu;7/25/2022
337;Gilberto;Piken;gpiken9c@imdb.com;12/16/2021
338;Sherilyn;Findlow;sfindlow9d@hexun.com;6/26/2022
339;Johanna;O'Boyle;joboyle9e@si.edu;7/29/2022
340;Grace;Atwool;gatwool9f@eventbrite.com;9/15/2022
341;Basia;Rallin;brallin9g@deviantart.com;10/16/2022
342;Kikelia;Figg;kfigg9h@hatena.ne.jp;11/4/2022
343;Wenona;Beaumont;wbeaumont9i@nbcnews.com;10/21/2022
344;Rubia;Vanezis;rvanezis9j@prnewswire.com;7/27/2022
345;Roberta;Ledrane;rledrane9k@skyrock.com;8/9/2022
346;Veronica;Philcock;vphilcock9l@bravesites.com;1/26/2022
347;Juline;Geffinger;jgeffinger9m@instagram.com;8/27/2022
348;Addie;Firpi;afirpi9n@sitemeter.com;6/17/2022
349;Elbertina;Rabier;erabier9o@jalbum.net;1/27/2022
350;Susan;Cogman;scogman9p@reddit.com;8/2/2022
351;Felizio;Castellino;fcastellino9q@vinaora.com;9/27/2022
352;Ferdie;Philbrick;fphilbrick9r@google.co.uk;4/15/2022
353;Evvie;Camble;ecamble9s@nba.com;1/25/2022
354;Guinna;Howieson;ghowieson9t@storify.com;9/1/2022
355;Shoshana;Janik;sjanik9u@europa.eu;4/4/2022
356;Edith;Dorey;edorey9v@cisco.com;7/18/2022
357;Tracee;Cannicott;tcannicott9w@devhub.com;6/21/2022
358;Durante;Jardein;djardein9x@meetup.com;6/22/2022
359;Fulton;Malthouse;fmalthouse9y@quantcast.com;8/27/2022
360;Bibi;Ramm;bramm9z@businesswire.com;8/15/2022
361;Gualterio;Erb;gerba0@live.com;5/25/2022
362;Elia;Simion;esimiona1@about.me;3/24/2022
363;Ephrayim;Harbin;eharbina2@spiegel.de;8/19/2022
364;Garnet;Becerro;gbecerroa3@unblog.fr;8/27/2022
365;Sebastiano;Lechelle;slechellea4@noaa.gov;3/7/2022
366;Stacee;Sprackling;sspracklinga5@cpanel.net;9/5/2022
367;Wenda;Breddy;wbreddya6@netvibes.com;2/16/2022
368;Cam;Brimham;cbrimhama7@smh.com.au;4/17/2022
369;Datha;Housecraft;dhousecrafta8@altervista.org;7/29/2022
370;Myrlene;Collingwood;mcollingwooda9@alibaba.com;12/3/2022
371;Melvin;Kenshole;mkensholeaa@merriam-webster.com;1/30/2022
372;Bessy;Burtonshaw;bburtonshawab@booking.com;2/26/2022
373;Sigmund;Olrenshaw;solrenshawac@nbcnews.com;3/26/2022
374;Elliot;Pippard;epippardad@fastcompany.com;10/15/2022
375;Avrit;Tilne;atilneae@buzzfeed.com;12/7/2021
376;Modestia;Andreone;mandreoneaf@yellowpages.com;3/4/2022
377;Dodi;Fishpoole;dfishpooleag@bloglines.com;1/11/2022
378;Harold;Overington;hoveringtonah@indiegogo.com;2/22/2022
379;Marten;Greasley;mgreasleyai@seattletimes.com;4/20/2022
380;Benjie;Lowndsborough;blowndsboroughaj@imdb.com;11/24/2022
381;Cobbie;Spiers;cspiersak@free.fr;5/30/2022
382;Zea;Candie;zcandieal@businesswire.com;9/21/2022
383;Moritz;Bazley;mbazleyam@sun.com;11/25/2022
384;Tammie;Parades;tparadesan@cornell.edu;3/1/2022
385;Holt;McLaverty;hmclavertyao@nyu.edu;1/21/2022
386;Pietro;Lapere;plapereap@tuttocitta.it;1/26/2022
387;Rafaellle;Pimblotte;rpimblotteaq@salon.com;3/18/2022
388;Waverly;Wakes;wwakesar@taobao.com;12/22/2021
389;Rorke;Demangel;rdemangelas@google.com.au;7/4/2022
390;Emory;Sennett;esennettat@eventbrite.com;3/24/2022
391;Lilas;Garmans;lgarmansau@nhs.uk;1/12/2022
392;Guilbert;Todarini;gtodariniav@t.co;1/7/2022
393;Ransell;Fishlee;rfishleeaw@google.es;4/20/2022
394;Ulrick;Belz;ubelzax@discuz.net;3/8/2022
395;Adria;Kneaphsey;akneaphseyay@ocn.ne.jp;8/12/2022
396;Mary;Taree;mtareeaz@blogspot.com;10/3/2022
397;Jesselyn;Galvan;jgalvanb0@networkadvertising.org;12/25/2021
398;Minne;Quested;mquestedb1@craigslist.org;3/20/2022
399;Dillon;Jillis;djillisb2@zimbio.com;1/14/2022
400;Deidre;Windrus;dwindrusb3@loc.gov;11/6/2022
401;Tedd;Boltwood;tboltwoodb4@mtv.com;10/28/2022
402;Lyle;Linny;llinnyb5@guardian.co.uk;8/27/2022
403;Peter;Thomerson;pthomersonb6@yellowbook.com;3/3/2022
404;Tedie;Gert;tgertb7@friendfeed.com;2/26/2022
405;Josefina;Baxter;jbaxterb8@scribd.com;9/26/2022
406;Estrellita;Wardel;ewardelb9@nytimes.com;11/18/2022
407;Corbet;Janaszewski;cjanaszewskiba@nationalgeographic.com;3/13/2022
408;Martin;Garlee;mgarleebb@soundcloud.com;4/30/2022
409;Lynne;Midden;lmiddenbc@163.com;2/21/2022
410;Kalindi;Esposita;kespositabd@skype.com;2/13/2022
411;Stormi;Finicj;sfinicjbe@tinyurl.com;4/1/2022
412;Doll;Schrieves;dschrievesbf@senate.gov;9/9/2022
413;Sheilakathryn;Billows;sbillowsbg@google.nl;10/30/2022
414;Wallis;Biford;wbifordbh@weibo.com;7/12/2022
415;Chiarra;Hunnywell;chunnywellbi@meetup.com;11/5/2022
416;Tymon;Farans;tfaransbj@facebook.com;3/7/2022
417;Gerik;Halsey;ghalseybk@bloglovin.com;3/14/2022
418;Georg;Meran;gmeranbl@patch.com;3/15/2022
419;Lyndsie;Allabush;lallabushbm@dailymail.co.uk;1/22/2022
420;Sheela;Forber;sforberbn@forbes.com;10/26/2022
421;Donna;Smails;dsmailsbo@alexa.com;6/24/2022
422;Grethel;Ryding;grydingbp@godaddy.com;7/23/2022
423;Lanae;Thornber;lthornberbq@quantcast.com;4/12/2022
424;Amber;Shepperd;ashepperdbr@wikimedia.org;10/28/2022
425;Perle;Forrest;pforrestbs@xrea.com;1/5/2022
426;Stesha;Ferrier;sferrierbt@prnewswire.com;1/15/2022
427;Simone;Townes;stownesbu@ftc.gov;5/13/2022
428;Roosevelt;Postle;rpostlebv@over-blog.com;11/7/2022
429;Mil;Lodevick;mlodevickbw@delicious.com;2/28/2022
430;Diana;Copcutt;dcopcuttbx@washingtonpost.com;3/27/2022
431;Goddart;Bramer;gbramerby@spotify.com;11/13/2022
432;Eamon;Peagrim;epeagrimbz@chron.com;3/15/2022
433;Ailbert;Etty;aettyc0@princeton.edu;2/22/2022
434;Lucien;Rumgay;lrumgayc1@merriam-webster.com;3/6/2022
435;Breena;MacPeice;bmacpeicec2@imdb.com;7/11/2022
436;Debbi;Bolden;dboldenc3@nps.gov;9/23/2022
437;Siouxie;Bridgstock;sbridgstockc4@weather.com;7/23/2022
438;Garreth;Soule;gsoulec5@friendfeed.com;11/4/2022
439;Rochette;Pilgrim;rpilgrimc6@cocolog-nifty.com;5/13/2022
440;Roderigo;Brogini;rbroginic7@printfriendly.com;9/9/2022
441;Lacy;Real;lrealc8@google.es;1/4/2022
442;Gus;Nias;gniasc9@statcounter.com;9/18/2022
443;Lawton;Pimlett;lpimlettca@google.cn;9/3/2022
444;Englebert;Davis;edaviscb@bbc.co.uk;4/26/2022
445;Jard;Awmack;jawmackcc@feedburner.com;1/17/2022
446;Milo;Nordass;mnordasscd@aol.com;2/24/2022
447;Gerik;Yatman;gyatmance@cocolog-nifty.com;9/2/2022
448;Allard;Dobbins;adobbinscf@europa.eu;6/9/2022
449;Herrick;Backe;hbackecg@webnode.com;2/19/2022
450;Finlay;Mattia;fmattiach@reference.com;1/23/2022
451;Carolan;Wyman;cwymanci@phoca.cz;8/3/2022
452;Alyda;von Nassau;avonnassaucj@tmall.com;9/14/2022
453;Doris;Waren;dwarenck@odnoklassniki.ru;8/21/2022
454;Gib;McGarvey;gmcgarveycl@marriott.com;7/9/2022
455;Burnaby;Peotz;bpeotzcm@slate.com;4/15/2022
456;Pansie;Didball;pdidballcn@salon.com;3/11/2022
457;Muhammad;Binnes;mbinnesco@yellowpages.com;6/10/2022
458;Buiron;Cypler;bcyplercp@yelp.com;10/18/2022
459;Verene;Colliard;vcolliardcq@imdb.com;5/26/2022
460;Hyatt;Cremin;hcremincr@github.com;2/27/2022
461;Ingamar;Shakesbye;ishakesbyecs@lulu.com;2/20/2022
462;Eldredge;Von Gladbach;evongladbachct@dedecms.com;10/2/2022
463;Waly;Duffin;wduffincu@webs.com;12/2/2022
464;Goran;Boulds;gbouldscv@berkeley.edu;3/24/2022
465;Zsazsa;Torvey;ztorveycw@google.es;6/14/2022
466;Fara;Delwater;fdelwatercx@jugem.jp;1/14/2022
467;Arlana;Winspire;awinspirecy@hibu.com;11/13/2022
468;Tallia;Ajsik;tajsikcz@jigsy.com;3/7/2022
469;Kessia;Kibblewhite;kkibblewhited0@163.com;12/20/2021
470;Krispin;Bengtson;kbengtsond1@theguardian.com;9/3/2022
471;Julianne;Erickssen;jerickssend2@reddit.com;9/28/2022
472;Carr;Mancer;cmancerd3@themeforest.net;3/28/2022
473;Panchito;Slessar;pslessard4@tinyurl.com;8/10/2022
474;Jemmie;Mitroshinov;jmitroshinovd5@pcworld.com;1/17/2022
475;Felita;McDougald;fmcdougaldd6@telegraph.co.uk;8/18/2022
476;Barclay;Beininck;bbeininckd7@ucoz.com;2/15/2022
477;Johannes;Cowely;jcowelyd8@ft.com;7/30/2022
478;Brandise;Poytres;bpoytresd9@themeforest.net;3/11/2022
479;Verene;Rose;vroseda@aol.com;10/23/2022
480;Vinny;Charters;vchartersdb@rakuten.co.jp;2/19/2022
481;Odette;Hulance;ohulancedc@salon.com;5/4/2022
482;Vincent;Carss;vcarssdd@flickr.com;2/5/2022
483;Ardeen;Collumbell;acollumbellde@cbslocal.com;2/6/2022
484;Avigdor;O'Nolan;aonolandf@delicious.com;9/24/2022
485;Michael;Bottoner;mbottonerdg@blinklist.com;6/20/2022
486;Ashlin;Fantham;afanthamdh@yellowpages.com;3/3/2022
487;Corie;Barensen;cbarensendi@simplemachines.org;5/31/2022
488;Willow;Lenormand;wlenormanddj@un.org;9/14/2022
489;Audry;Oag;aoagdk@wikispaces.com;9/1/2022
490;Connie;Tarplee;ctarpleedl@unesco.org;7/7/2022
491;Sapphire;Anster;sansterdm@tamu.edu;4/1/2022
492;Susette;Haysey;shayseydn@slate.com;6/4/2022
493;Suzy;Ovize;sovizedo@yellowpages.com;2/13/2022
494;Anna-maria;Lethardy;alethardydp@sogou.com;1/18/2022
495;Reinaldo;Leggitt;rleggittdq@shinystat.com;9/23/2022
496;Aigneis;McClurg;amcclurgdr@answers.com;8/24/2022
497;Hyatt;Bullus;hbullusds@washingtonpost.com;10/19/2022
498;Bowie;Becks;bbecksdt@google.com.hk;2/5/2022
499;Jackqueline;Apark;japarkdu@si.edu;11/1/2022
500;Karna;Piletic;kpileticdv@independent.co.uk;9/11/2022
501;Druci;Domerq;ddomerqdw@4shared.com;3/4/2022
502;Julian;Coyne;jcoynedx@sphinn.com;10/15/2022
503;Thane;Lazer;tlazerdy@webnode.com;5/17/2022
504;Culley;O'Heyne;coheynedz@istockphoto.com;9/20/2022
505;Ina;Waison;iwaisone0@psu.edu;3/10/2022
506;Ambur;Waye;awayee1@ask.com;10/22/2022
507;Dale;Feldbrin;dfeldbrine2@sina.com.cn;8/8/2022
508;Paulie;Perllman;pperllmane3@theatlantic.com;7/15/2022
509;Nanon;Rieme;nriemee4@uiuc.edu;2/25/2022
510;Nata;Vasiltsov;nvasiltsove5@storify.com;7/16/2022
511;Mauricio;Blofeld;mblofelde6@umn.edu;12/2/2022
512;Jedd;Hourican;jhouricane7@zimbio.com;6/28/2022
513;Adi;Rockhall;arockhalle8@unesco.org;11/4/2022
514;Jared;Frears;jfrearse9@xing.com;1/30/2022
515;Joeann;Jonson;jjonsonea@feedburner.com;8/31/2022
516;Zonnya;Norcott;znorcotteb@e-recht24.de;9/13/2022
517;Red;Diggle;rdiggleec@nyu.edu;11/28/2022
518;Harrie;Tolcher;htolchered@patch.com;4/19/2022
519;Lin;Giacobbo;lgiacobboee@un.org;10/2/2022
520;Alvinia;Rollins;arollinsef@a8.net;4/24/2022
521;Ronna;Costelow;rcosteloweg@aboutads.info;5/13/2022
522;Jenilee;Penwright;jpenwrighteh@about.com;9/21/2022
523;Hilly;Nelius;hneliusei@blogspot.com;1/16/2022
524;Monica;Hanse;mhanseej@mozilla.org;2/9/2022
525;Daisy;Ruddlesden;druddlesdenek@over-blog.com;3/16/2022
526;Bealle;Rangall;brangallel@who.int;1/10/2022
527;Anne-corinne;Cordeau];acordeauem@marketwatch.com;1/4/2022
528;Peta;Janney;pjanneyen@yale.edu;8/1/2022
529;Gram;Shannon;gshannoneo@marriott.com;8/22/2022
530;Butch;Gierth;bgierthep@netscape.com;6/22/2022
531;Chrysler;Yurinov;cyurinoveq@php.net;7/31/2022
532;Chaunce;Ouslem;couslemer@infoseek.co.jp;12/23/2021
533;Berti;Lowndsborough;blowndsboroughes@sun.com;2/13/2022
534;Cos;Arnson;carnsonet@exblog.jp;9/2/2022
535;Albertina;Roland;arolandeu@uiuc.edu;1/31/2022
536;Eugene;Chicchelli;echicchelliev@wsj.com;6/13/2022
537;Fielding;Caspell;fcaspellew@printfriendly.com;3/5/2022
538;Karlie;Harvard;kharvardex@studiopress.com;9/3/2022
539;Drusi;Dutson;ddutsoney@usatoday.com;12/30/2021
540;Cristobal;Allridge;callridgeez@google.cn;1/8/2022
541;Fransisco;End;fendf0@bandcamp.com;5/24/2022
542;Frank;Wragg;fwraggf1@nih.gov;11/8/2022
543;Cletus;Fountaine;cfountainef2@hp.com;2/7/2022
544;Jacinda;Mallison;jmallisonf3@printfriendly.com;8/4/2022
545;Gaspar;Earey;geareyf4@yahoo.com;9/20/2022
546;Osmund;Plowright;oplowrightf5@ed.gov;9/6/2022
547;Douglas;Morsley;dmorsleyf6@storify.com;3/19/2022
548;Tabby;Twaits;ttwaitsf7@springer.com;8/28/2022
549;Evangeline;Knell;eknellf8@sphinn.com;9/11/2022
550;Jobie;Alves;jalvesf9@dropbox.com;7/2/2022
551;Addie;Dayes;adayesfa@sogou.com;2/16/2022
552;Hanan;Longhorne;hlonghornefb@psu.edu;3/30/2022
553;Derick;Stanman;dstanmanfc@google.com;1/8/2022
554;Cherida;Leishman;cleishmanfd@msu.edu;2/23/2022
555;Kelby;Schruyers;kschruyersfe@jimdo.com;9/25/2022
556;Joseph;Brugemann;jbrugemannff@engadget.com;3/21/2022
557;Reggis;Lamps;rlampsfg@thetimes.co.uk;5/23/2022
558;Bram;Hiers;bhiersfh@godaddy.com;9/19/2022
559;Rosene;Halsho;rhalshofi@nps.gov;4/24/2022
560;Adda;Dawkins;adawkinsfj@japanpost.jp;2/10/2022
561;Edwin;Eloi;eeloifk@mac.com;1/3/2022
562;Ferd;Danielczyk;fdanielczykfl@nba.com;7/7/2022
563;Bertrand;Eric;bericfm@tamu.edu;1/23/2022
564;Gill;Lehrian;glehrianfn@multiply.com;6/19/2022
565;Kordula;Yakov;kyakovfo@people.com.cn;11/2/2022
566;Melinda;Wildash;mwildashfp@tripadvisor.com;9/10/2022
567;Morganne;Linger;mlingerfq@ask.com;4/13/2022
568;Riley;Minocchi;rminocchifr@hibu.com;6/19/2022
569;Fabien;Easom;feasomfs@jigsy.com;7/7/2022
570;Warde;Skull;wskullft@ning.com;10/29/2022
571;Hal;Febvre;hfebvrefu@studiopress.com;8/4/2022
572;Horton;Maffeo;hmaffeofv@intel.com;6/24/2022
573;Sheffy;McCoish;smccoishfw@sbwire.com;1/26/2022
574;Regina;Casewell;rcasewellfx@fda.gov;9/30/2022
575;Sibelle;Pearcy;spearcyfy@wordpress.com;7/23/2022
576;Pryce;McKiernan;pmckiernanfz@nature.com;7/21/2022
577;Ceil;Dehm;cdehmg0@webnode.com;2/4/2022
578;Ryann;Cobley;rcobleyg1@senate.gov;8/8/2022
579;Luca;Graben;lgrabeng2@rambler.ru;3/5/2022
580;Shay;Abden;sabdeng3@geocities.jp;3/6/2022
581;Austen;Bulstrode;abulstrodeg4@businesswire.com;4/2/2022
582;Dolorita;Collingwood;dcollingwoodg5@dion.ne.jp;12/10/2021
583;Axe;Freak;afreakg6@ycombinator.com;7/30/2022
584;Lyndsey;Fairall;lfairallg7@flavors.me;11/6/2022
585;Helenka;Readie;hreadieg8@youku.com;8/3/2022
586;Kathe;Kramer;kkramerg9@nydailynews.com;11/6/2022
587;Tomkin;Dedenham;tdedenhamga@huffingtonpost.com;5/9/2022
588;Chaddy;Browell;cbrowellgb@joomla.org;10/3/2022
589;Corenda;Burgne;cburgnegc@list-manage.com;9/19/2022
590;Adler;Wynes;awynesgd@jiathis.com;12/27/2021
591;Sunshine;Wahner;swahnerge@goodreads.com;5/7/2022
592;Camila;Cadwell;ccadwellgf@symantec.com;6/16/2022
593;Morna;Binding;mbindinggg@hostgator.com;11/21/2022
594;Maureen;Ritchley;mritchleygh@vinaora.com;7/2/2022
595;Augustina;Starbuck;astarbuckgi@yellowpages.com;4/19/2022
596;Earlie;Cowland;ecowlandgj@thetimes.co.uk;3/26/2022
597;Peyter;Fonte;pfontegk@elpais.com;4/28/2022
598;Elwood;Kaye;ekayegl@gnu.org;7/20/2022
599;Obadiah;Heasman;oheasmangm@cmu.edu;11/29/2022
600;Alexi;Studde;astuddegn@amazonaws.com;12/27/2021
601;Kenneth;Garroch;kgarrochgo@cdc.gov;1/16/2022
602;Inness;McKyrrelly;imckyrrellygp@hc360.com;4/2/2022
603;Kasper;Van Dalen;kvandalengq@paginegialle.it;12/23/2021
604;Clifford;Shurville;cshurvillegr@oaic.gov.au;4/24/2022
605;Junina;Steane;jsteanegs@lycos.com;12/30/2021
606;Kellina;Robins;krobinsgt@github.com;12/23/2021
607;Farr;Marney;fmarneygu@slashdot.org;6/29/2022
608;Lem;Farrer;lfarrergv@biglobe.ne.jp;7/12/2022
609;Stan;Simmgen;ssimmgengw@harvard.edu;1/10/2022
610;Karel;Randall;krandallgx@vinaora.com;2/27/2022
611;Thedrick;Filon;tfilongy@blinklist.com;3/9/2022
612;Babita;Timbs;btimbsgz@dropbox.com;9/21/2022
613;Gherardo;Anton;gantonh0@buzzfeed.com;4/27/2022
614;Earlie;Tracy;etracyh1@tinyurl.com;10/30/2022
615;Mamie;Baxstair;mbaxstairh2@vk.com;10/28/2022
616;Thatcher;Jodrellec;tjodrellech3@cpanel.net;1/6/2022
617;Cassie;Klimczak;cklimczakh4@npr.org;3/29/2022
618;Nial;Strangman;nstrangmanh5@dagondesign.com;8/19/2022
619;Orson;Gauden;ogaudenh6@oaic.gov.au;10/25/2022
620;Norine;Whitticks;nwhitticksh7@nytimes.com;5/19/2022
621;Rochette;Tissell;rtissellh8@fastcompany.com;12/1/2022
622;Hastings;Jenoure;hjenoureh9@walmart.com;12/15/2021
623;Hester;Wagg;hwaggha@sciencedirect.com;2/3/2022
624;Andie;Vannoni;avannonihb@businesswire.com;6/6/2022
625;Evvy;Stredder;estredderhc@w3.org;12/6/2021
626;Tallulah;Skillington;tskillingtonhd@reddit.com;3/2/2022
627;Teodoor;De Mattia;tdemattiahe@a8.net;6/6/2022
628;Jone;Flode;jflodehf@dot.gov;9/16/2022
629;Armand;Taffurelli;ataffurellihg@weibo.com;11/23/2022
630;Thaddus;Camamill;tcamamillhh@cmu.edu;4/22/2022
631;Shanan;Gabits;sgabitshi@bravesites.com;8/25/2022
632;Conrad;Schubbert;cschubberthj@nih.gov;12/11/2021
633;Cynthia;Drains;cdrainshk@china.com.cn;12/24/2021
634;Maude;Glanister;mglanisterhl@unicef.org;6/13/2022
635;Christi;Quixley;cquixleyhm@alexa.com;5/14/2022
636;Easter;Siuda;esiudahn@wisc.edu;9/25/2022
637;Brianne;Mewha;bmewhaho@studiopress.com;11/13/2022
638;Marielle;M'Quharge;mmquhargehp@smugmug.com;2/24/2022
639;Denny;Rosenstiel;drosenstielhq@livejournal.com;8/8/2022
640;Clarice;Poulett;cpouletthr@noaa.gov;12/17/2021
641;Tamarra;Lowth;tlowthhs@usnews.com;8/13/2022
642;Rosalinde;Brucker;rbruckerht@usatoday.com;4/9/2022
643;Ines;State;istatehu@smh.com.au;2/27/2022
644;Shawn;Jillions;sjillionshv@ucoz.ru;4/22/2022
645;Grier;Martinho;gmartinhohw@disqus.com;6/27/2022
646;Barn;Valenta;bvalentahx@sogou.com;10/19/2022
647;Ward;Scamerden;wscamerdenhy@yelp.com;3/12/2022
648;Muffin;Seath;mseathhz@meetup.com;7/13/2022
649;Aubine;Bucknall;abucknalli0@themeforest.net;10/23/2022
650;Gallagher;McGall;gmcgalli1@skyrock.com;12/1/2022
651;Ingaborg;Allsep;iallsepi2@surveymonkey.com;10/10/2022
652;Hanson;Bucklan;hbucklani3@narod.ru;7/20/2022
653;Kaycee;Ryde;krydei4@digg.com;2/27/2022
654;Delmer;Sloey;dsloeyi5@histats.com;3/24/2022
655;Bret;Kobel;bkobeli6@bloglovin.com;4/8/2022
656;Layney;Hailey;lhaileyi7@sun.com;8/4/2022
657;Ofelia;McCarle;omccarlei8@wordpress.org;5/28/2022
658;Elspeth;Awin;eawini9@marketwatch.com;8/20/2022
659;Chloris;Manilow;cmanilowia@pinterest.com;4/27/2022
660;Fredericka;Paschek;fpaschekib@goo.ne.jp;10/8/2022
661;Dicky;Gerwood;dgerwoodic@mapy.cz;2/5/2022
662;Josee;Tramel;jtramelid@un.org;6/30/2022
663;Saraann;Geldard;sgeldardie@techcrunch.com;4/1/2022
664;Lynea;Gashion;lgashionif@stumbleupon.com;4/29/2022
665;Dareen;Bartolijn;dbartolijnig@washingtonpost.com;12/5/2021
666;Wyn;Gwyther;wgwytherih@networkadvertising.org;11/9/2022
667;Natty;Clears;nclearsii@redcross.org;4/18/2022
668;Shawna;Fivey;sfiveyij@360.cn;5/9/2022
669;Adel;Kneafsey;akneafseyik@netvibes.com;1/24/2022
670;Gran;Eggins;gegginsil@shinystat.com;1/18/2022
671;Marv;Hambleton;mhambletonim@vinaora.com;12/10/2021
672;Osgood;Mulleary;omullearyin@opensource.org;9/12/2022
673;Curt;Speechly;cspeechlyio@meetup.com;2/3/2022
674;Cesaro;Rettie;crettieip@mac.com;7/30/2022
675;Nalani;Bramwich;nbramwichiq@studiopress.com;12/10/2021
676;Spencer;Squire;ssquireir@artisteer.com;10/12/2022
677;Isak;Karslake;ikarslakeis@google.com.br;8/4/2022
678;Harland;McRill;hmcrillit@yelp.com;1/5/2022
679;Jeromy;Suthworth;jsuthworthiu@msn.com;3/19/2022
680;Ad;Hundall;ahundalliv@reuters.com;3/11/2022
681;Ashbey;Vawton;avawtoniw@indiegogo.com;2/1/2022
682;Nalani;Guiot;nguiotix@github.com;8/24/2022
683;Fraser;Leal;flealiy@utexas.edu;11/11/2022
684;Vita;Gallyon;vgallyoniz@goo.ne.jp;1/18/2022
685;Seamus;Kinton;skintonj0@upenn.edu;10/12/2022
686;Donella;Lett;dlettj1@google.ru;9/9/2022
687;Agata;Arrigucci;aarriguccij2@wisc.edu;3/23/2022
688;Letti;Peetermann;lpeetermannj3@4shared.com;5/11/2022
689;Phillie;Della;pdellaj4@harvard.edu;10/28/2022
690;Gilbertina;Dignall;gdignallj5@163.com;2/20/2022
691;Norby;Robuchon;nrobuchonj6@adobe.com;12/2/2022
692;Ignatius;Waterstone;iwaterstonej7@yale.edu;2/20/2022
693;Joannes;Brooker;jbrookerj8@mtv.com;7/11/2022
694;Jacquelyn;Matveichev;jmatveichevj9@census.gov;10/15/2022
695;Bern;Farmery;bfarmeryja@bbb.org;5/25/2022
696;Katha;Dominighi;kdominighijb@free.fr;12/1/2022
697;Burnaby;Oxtarby;boxtarbyjc@irs.gov;3/25/2022
698;Porty;Merveille;pmerveillejd@pcworld.com;10/24/2022
699;Margalit;Franchyonok;mfranchyonokje@ibm.com;10/15/2022
700;Doro;Hankard;dhankardjf@nytimes.com;12/26/2021
701;Kellby;Dunks;kdunksjg@omniture.com;12/25/2021
702;Mia;Leask;mleaskjh@netscape.com;8/5/2022
703;Jocelyn;Sines;jsinesji@lycos.com;4/15/2022
704;Flint;Maddy;fmaddyjj@bloglines.com;9/25/2022
705;Edan;Hammerman;ehammermanjk@admin.ch;11/6/2022
706;Timofei;Rignoldes;trignoldesjl@ning.com;6/8/2022
707;Wendall;Ullett;wullettjm@delicious.com;5/20/2022
708;Jemimah;Fowgies;jfowgiesjn@etsy.com;8/12/2022
709;Nonna;Hairsine;nhairsinejo@nbcnews.com;11/1/2022
710;Cyril;Oxford;coxfordjp@vimeo.com;12/31/2021
711;Cobbie;Battram;cbattramjq@usda.gov;10/14/2022
712;Chadd;Crumby;ccrumbyjr@scribd.com;4/15/2022
713;Catina;Struthers;cstruthersjs@smugmug.com;12/17/2021
714;Jervis;Pierucci;jpieruccijt@themeforest.net;6/14/2022
715;Alyson;Van Merwe;avanmerweju@examiner.com;6/28/2022
716;Thacher;Shirley;tshirleyjv@ifeng.com;7/2/2022
717;Levon;Dimock;ldimockjw@bbc.co.uk;8/7/2022
718;Bennie;Spelling;bspellingjx@adobe.com;4/13/2022
719;Guthry;Bonney;gbonneyjy@hexun.com;1/28/2022
720;Emlyn;Rawstorn;erawstornjz@microsoft.com;11/30/2022
721;Jobyna;Kerrey;jkerreyk0@rambler.ru;10/21/2022
722;Izabel;Higford;ihigfordk1@nbcnews.com;8/4/2022
723;Hedi;Stud;hstudk2@purevolume.com;12/16/2021
724;Kermit;Garahan;kgarahank3@spiegel.de;11/1/2022
725;Vanda;Hought;vhoughtk4@timesonline.co.uk;1/23/2022
726;Emanuele;Tolerton;etolertonk5@oaic.gov.au;7/26/2022
727;Elvyn;Privost;eprivostk6@mozilla.org;10/3/2022
728;Neal;Eldritt;neldrittk7@networkadvertising.org;5/23/2022
729;Carlen;Blatherwick;cblatherwickk8@youtube.com;6/19/2022
730;Mayer;Shynn;mshynnk9@booking.com;2/11/2022
731;Brittani;Ody;bodyka@mapquest.com;4/8/2022
732;Giana;Sheards;gsheardskb@qq.com;9/27/2022
733;Stacie;Clemoes;sclemoeskc@bloglines.com;9/19/2022
734;Devan;Stearne;dstearnekd@shinystat.com;8/2/2022
735;Elisha;Guisot;eguisotke@paginegialle.it;5/24/2022
736;Roldan;Grishelyov;rgrishelyovkf@imgur.com;11/20/2022
737;Sheela;Antonognoli;santonognolikg@eepurl.com;2/11/2022
738;Dar;Mansell;dmansellkh@ask.com;11/17/2022
739;Gracie;Lemar;glemarki@samsung.com;12/28/2021
740;Elyse;Fitzsymons;efitzsymonskj@cbsnews.com;11/3/2022
741;Fabien;Heisham;fheishamkk@fda.gov;7/16/2022
742;Christan;Kobera;ckoberakl@home.pl;8/23/2022
743;Lisetta;Elias;leliaskm@nifty.com;3/5/2022
744;Cori;Apple;capplekn@yahoo.com;11/13/2022
745;Julia;Brackenbury;jbrackenburyko@redcross.org;8/18/2022
746;Hasty;Beebe;hbeebekp@lulu.com;5/9/2022
747;Lorri;Pyser;lpyserkq@europa.eu;10/29/2022
748;Feodor;Janisson;fjanissonkr@baidu.com;10/11/2022
749;Duffie;Mc Gorley;dmcgorleyks@themeforest.net;12/17/2021
750;Barr;Goldster;bgoldsterkt@home.pl;9/24/2022
751;Beatrix;Blunsum;bblunsumku@omniture.com;8/8/2022
752;Rayshell;Cartmill;rcartmillkv@bing.com;8/20/2022
753;Terry;Corp;tcorpkw@jiathis.com;9/28/2022
754;Bank;Rohloff;brohloffkx@washingtonpost.com;9/10/2022
755;Janean;Odger;jodgerky@comcast.net;9/8/2022
756;Mag;Ritch;mritchkz@about.com;12/30/2021
757;Sheeree;Enrrico;senrricol0@auda.org.au;11/27/2022
758;Alaric;Jenner;ajennerl1@yahoo.co.jp;7/9/2022
759;Darrel;Humbie;dhumbiel2@google.com;5/7/2022
760;Merralee;Macbeth;mmacbethl3@wiley.com;6/9/2022
761;Constantino;Ashborne;cashbornel4@goo.ne.jp;3/8/2022
762;Elladine;Henzer;ehenzerl5@marriott.com;5/26/2022
763;Thoma;Griffitt;tgriffittl6@bizjournals.com;8/13/2022
764;Grace;Ladbrook;gladbrookl7@businessweek.com;8/13/2022
765;Brynna;Sirr;bsirrl8@last.fm;8/23/2022
766;Saraann;Cahan;scahanl9@nationalgeographic.com;10/19/2022
767;Orelee;Setter;osetterla@google.co.jp;4/27/2022
768;Lanni;Organ;lorganlb@plala.or.jp;9/16/2022
769;Bryant;Ponnsett;bponnsettlc@icq.com;10/29/2022
770;Eleanor;Rudgerd;erudgerdld@marriott.com;3/29/2022
771;Marielle;Boise;mboisele@homestead.com;2/15/2022
772;May;Hallatt;mhallattlf@slashdot.org;6/19/2022
773;Drake;Newcombe;dnewcombelg@acquirethisname.com;3/13/2022
774;Marleen;Davidovics;mdavidovicslh@bandcamp.com;1/30/2022
775;Herbie;Thebeau;hthebeauli@buzzfeed.com;10/8/2022
776;Berrie;Cossons;bcossonslj@moonfruit.com;1/28/2022
777;Calida;Pietz;cpietzlk@discovery.com;5/12/2022
778;Austin;Adolthine;aadolthinell@digg.com;12/13/2021
779;Clementine;Spriggs;cspriggslm@addthis.com;3/15/2022
780;Kelcy;Bland;kblandln@google.it;9/30/2022
781;Gloriane;Spellacey;gspellaceylo@google.nl;8/23/2022
782;Giles;Leopard;gleopardlp@statcounter.com;7/19/2022
783;Beret;Abbitt;babbittlq@blog.com;11/14/2022
784;Aurelea;Ghidelli;aghidellilr@sbwire.com;5/26/2022
785;Katha;Hurren;khurrenls@tumblr.com;8/6/2022
786;Vikki;Boagey;vboageylt@pinterest.com;4/22/2022
787;Rivalee;McNeice;rmcneicelu@howstuffworks.com;5/10/2022
788;Shawn;O'Sheils;sosheilslv@prlog.org;8/31/2022
789;Ralina;Yannikov;ryannikovlw@wp.com;12/8/2021
790;Carroll;Dacre;cdacrelx@europa.eu;5/10/2022
791;Renae;Greystoke;rgreystokely@domainmarket.com;10/9/2022
792;Eustace;Brouncker;ebrounckerlz@cisco.com;12/1/2022
793;Lindsy;Fayter;lfayterm0@ft.com;5/15/2022
794;Jerrome;Chetwynd;jchetwyndm1@mediafire.com;1/10/2022
795;Marillin;Otton;mottonm2@nationalgeographic.com;12/10/2021
796;Astrix;Robshaw;arobshawm3@omniture.com;7/26/2022
797;Edna;Butner;ebutnerm4@comcast.net;9/26/2022
798;Ingmar;Leynagh;ileynaghm5@narod.ru;9/25/2022
799;Lorene;Coverlyn;lcoverlynm6@washington.edu;6/4/2022
800;Jacinda;Franzotto;jfranzottom7@webmd.com;2/21/2022
801;Pooh;Terrill;pterrillm8@hud.gov;1/21/2022
802;Dudley;Kovelmann;dkovelmannm9@twitpic.com;3/29/2022
803;Carlota;Dangl;cdanglma@craigslist.org;5/4/2022
804;Misha;Uglow;muglowmb@cnet.com;12/20/2021
805;Whittaker;Shapcott;wshapcottmc@last.fm;10/20/2022
806;Faber;Durrand;fdurrandmd@vinaora.com;4/21/2022
807;Alister;Habercham;ahaberchamme@simplemachines.org;6/30/2022
808;Georges;Wyer;gwyermf@myspace.com;4/14/2022
809;Rowney;Manser;rmansermg@edublogs.org;3/13/2022
810;Clio;Marlor;cmarlormh@jalbum.net;8/17/2022
811;Berry;Sands;bsandsmi@ft.com;12/19/2021
812;Thurston;Shearman;tshearmanmj@gravatar.com;3/25/2022
813;Danit;Curd;dcurdmk@de.vu;12/9/2021
814;Berkeley;Brokenshire;bbrokenshireml@eepurl.com;5/10/2022
815;Cesaro;Pocock;cpocockmm@nifty.com;12/28/2021
816;Judye;Nardoni;jnardonimn@purevolume.com;1/18/2022
817;Moritz;Bortolini;mbortolinimo@hao123.com;3/25/2022
818;Guthry;Adelman;gadelmanmp@spotify.com;11/4/2022
819;Sandye;Shepherd;sshepherdmq@skype.com;2/13/2022
820;Loren;Oldfield-Cherry;loldfieldcherrymr@springer.com;1/18/2022
821;Alford;Riggs;ariggsms@spotify.com;4/22/2022
822;Mikel;Domotor;mdomotormt@examiner.com;3/16/2022
823;Fredia;Nevitt;fnevittmu@google.es;4/28/2022
824;Daune;Stainbridge;dstainbridgemv@nymag.com;2/23/2022
825;Sybila;Inchboard;sinchboardmw@irs.gov;8/14/2022
826;Joli;Friel;jfrielmx@imgur.com;11/29/2022
827;Antony;Whall;awhallmy@ustream.tv;6/24/2022
828;Andre;Sperwell;asperwellmz@mapy.cz;1/29/2022
829;Rachel;Voff;rvoffn0@amazon.co.uk;4/3/2022
830;Tracey;Girard;tgirardn1@mtv.com;5/24/2022
831;Ingeberg;Sanbroke;isanbroken2@shop-pro.jp;4/30/2022
832;Lynde;Colmore;lcolmoren3@google.com.hk;12/9/2021
833;Cornell;Rosenboim;crosenboimn4@linkedin.com;9/5/2022
834;Leonelle;Snoden;lsnodenn5@gravatar.com;11/19/2022
835;Vinson;Kirman;vkirmann6@canalblog.com;4/22/2022
836;Lefty;Thorneley;lthorneleyn7@mozilla.org;11/23/2022
837;Jedidiah;Costello;jcostellon8@fastcompany.com;11/21/2022
838;Cosimo;Lusty;clustyn9@paginegialle.it;5/28/2022
839;Nevile;Overton;novertonna@tripod.com;7/8/2022
840;Rafaela;Kuhwald;rkuhwaldnb@360.cn;4/8/2022
841;Odelia;Potteril;opotterilnc@desdev.cn;5/17/2022
842;Reginauld;Findon;rfindonnd@histats.com;6/9/2022
843;Travers;Hallatt;thallattne@edublogs.org;9/12/2022
844;Demetris;Yanshonok;dyanshonoknf@noaa.gov;11/2/2022
845;Inesita;Pachmann;ipachmannng@ask.com;12/1/2022
846;Jillayne;Ovenell;jovenellnh@chicagotribune.com;5/29/2022
847;Tillie;Schirak;tschirakni@histats.com;6/11/2022
848;Gusty;Figgures;gfigguresnj@thetimes.co.uk;11/23/2022
849;Emerson;McIlhatton;emcilhattonnk@istockphoto.com;11/11/2022
850;Clerc;Matthis;cmatthisnl@cornell.edu;9/7/2022
851;Gerty;Kochs;gkochsnm@list-manage.com;8/8/2022
852;Carlyn;Aaron;caaronnn@creativecommons.org;10/31/2022
853;Tracy;Sneezum;tsneezumno@w3.org;5/18/2022
854;Jelene;Vaskin;jvaskinnp@psu.edu;1/19/2022
855;Walther;McCart;wmccartnq@feedburner.com;2/23/2022
856;Marleah;Ransbury;mransburynr@a8.net;12/19/2021
857;Jemmy;Rowswell;jrowswellns@shop-pro.jp;7/25/2022
858;Shellysheldon;Yanukhin;syanukhinnt@blinklist.com;9/4/2022
859;Sindee;Rattenberie;srattenberienu@skype.com;8/5/2022
860;Bendicty;Fleckney;bfleckneynv@macromedia.com;1/28/2022
861;Susie;Hedaux;shedauxnw@forbes.com;4/5/2022
862;Simon;Caller;scallernx@independent.co.uk;4/17/2022
863;Kurt;Cleugh;kcleughny@omniture.com;8/18/2022
864;Sula;Teaser;steasernz@indiatimes.com;9/29/2022
865;Gregor;Longstaffe;glongstaffeo0@eepurl.com;12/6/2021
866;Gates;Meneely;gmeneelyo1@latimes.com;1/28/2022
867;Marietta;Brazener;mbrazenero2@uol.com.br;8/31/2022
868;Herrick;McVane;hmcvaneo3@cdc.gov;11/1/2022
869;Caro;Buxy;cbuxyo4@cam.ac.uk;8/5/2022
870;Nataniel;Eyers;neyerso5@disqus.com;10/22/2022
871;Hewe;Ibbett;hibbetto6@themeforest.net;12/19/2021
872;Kaine;Tours;ktourso7@nymag.com;12/12/2021
873;Ardyth;Birtonshaw;abirtonshawo8@newsvine.com;6/28/2022
874;Cart;Cricket;ccricketo9@epa.gov;2/16/2022
875;Cody;Bulfoot;cbulfootoa@163.com;10/1/2022
876;Jessalyn;Coundley;jcoundleyob@gmpg.org;2/14/2022
877;Wake;Jarrard;wjarrardoc@e-recht24.de;2/12/2022
878;Eberto;Shimoni;eshimoniod@amazon.co.jp;2/27/2022
879;Brannon;Gelder;bgelderoe@twitpic.com;6/17/2022
880;Wandie;Belvin;wbelvinof@cpanel.net;9/3/2022
881;Melany;Scud;mscudog@pinterest.com;12/5/2021
882;Benedetto;Daunter;bdaunteroh@scribd.com;11/30/2022
883;Debera;Collinwood;dcollinwoodoi@slideshare.net;8/12/2022
884;Reinaldos;Rustman;rrustmanoj@desdev.cn;10/13/2022
885;Kalila;Shortan;kshortanok@rambler.ru;11/1/2022
886;Gorden;Ewer;gewerol@cocolog-nifty.com;3/8/2022
887;Wang;Follos;wfollosom@intel.com;3/13/2022
888;Sophey;Conboy;sconboyon@ezinearticles.com;6/21/2022
889;Evelyn;Sreenan;esreenanoo@disqus.com;9/28/2022
890;Ursulina;Sellek;usellekop@umich.edu;10/24/2022
891;Gene;Bortoli;gbortolioq@google.cn;7/28/2022
892;Fons;Skiplorne;fskiplorneor@vinaora.com;11/10/2022
893;Manda;Drewett;mdrewettos@seesaa.net;7/5/2022
894;La verne;Steptoe;lsteptoeot@mysql.com;4/5/2022
895;Donovan;Maud;dmaudou@list-manage.com;2/26/2022
896;Dexter;Bamlett;dbamlettov@uol.com.br;6/9/2022
897;Andrey;Southerton;asouthertonow@t.co;1/22/2022
898;Malvin;Gianelli;mgianelliox@weibo.com;9/20/2022
899;Renelle;Mouan;rmouanoy@theglobeandmail.com;6/30/2022
900;Marylinda;Shoebrook;mshoebrookoz@exblog.jp;3/9/2022
901;Nanice;Dumbrell;ndumbrellp0@ihg.com;4/16/2022
902;Athena;Fashion;afashionp1@cisco.com;2/7/2022
903;Val;Shegog;vshegogp2@mtv.com;10/27/2022
904;Kimberly;Tissier;ktissierp3@oakley.com;8/24/2022
905;Gwendolyn;Gremane;ggremanep4@adobe.com;12/15/2021
906;Daisie;Paramor;dparamorp5@uiuc.edu;4/15/2022
907;Holden;Maundrell;hmaundrellp6@msu.edu;1/23/2022
908;Loise;Stanbro;lstanbrop7@github.io;7/21/2022
909;Roland;Harmour;rharmourp8@example.com;5/14/2022
910;Belicia;Ormston;bormstonp9@uol.com.br;12/31/2021
911;Hiram;Barmby;hbarmbypa@state.tx.us;5/3/2022
912;Hartwell;Yakutin;hyakutinpb@zdnet.com;8/15/2022
913;Merrel;Lovering;mloveringpc@ucla.edu;10/9/2022
914;Natala;Ivons;nivonspd@purevolume.com;5/24/2022
915;Ethe;Colebourne;ecolebournepe@jimdo.com;8/26/2022
916;Tadio;Kuschke;tkuschkepf@usatoday.com;6/25/2022
917;Liana;Whiteoak;lwhiteoakpg@fda.gov;12/1/2022
918;Cary;Gilffillan;cgilffillanph@about.me;11/18/2022
919;Rochella;Andriulis;randriulispi@nytimes.com;6/16/2022
920;Caryl;Pinock;cpinockpj@ow.ly;4/1/2022
921;Creight;Sygroves;csygrovespk@ebay.com;2/11/2022
922;Dorri;Paik;dpaikpl@nydailynews.com;1/13/2022
923;Hilde;Rawsthorne;hrawsthornepm@mapy.cz;7/25/2022
924;Kane;Creed;kcreedpn@time.com;10/21/2022
925;Pearla;Coots;pcootspo@newsvine.com;7/31/2022
926;Pepita;Mickelwright;pmickelwrightpp@list-manage.com;12/15/2021
927;Hester;Paulino;hpaulinopq@w3.org;1/6/2022
928;Romy;Bold;rboldpr@ebay.co.uk;10/16/2022
929;Dahlia;Reach;dreachps@moonfruit.com;9/25/2022
930;Faber;Braithwaite;fbraithwaitept@feedburner.com;2/1/2022
931;Radcliffe;Sammut;rsammutpu@ucoz.com;2/13/2022
932;Natasha;Macellar;nmacellarpv@usda.gov;7/26/2022
933;Estell;Coyett;ecoyettpw@comcast.net;2/4/2022
934;Felisha;Nightingale;fnightingalepx@shinystat.com;11/7/2022
935;Bambie;Donati;bdonatipy@tinyurl.com;2/13/2022
936;Wendel;Vaudin;wvaudinpz@google.com;12/16/2021
937;Rowe;Klosterman;rklostermanq0@mediafire.com;6/25/2022
938;Nowell;O'Drought;nodroughtq1@dot.gov;4/4/2022
939;Mac;Daggett;mdaggettq2@ca.gov;5/9/2022
940;Camile;Rizziello;crizzielloq3@fda.gov;12/29/2021
941;Betsey;Pinner;bpinnerq4@mit.edu;7/26/2022
942;Ashla;Trencher;atrencherq5@aol.com;8/11/2022
943;Simeon;Umpleby;sumplebyq6@desdev.cn;5/10/2022
944;Tamqrah;Yukhnev;tyukhnevq7@seattletimes.com;3/10/2022
945;Emilie;Yearnsley;eyearnsleyq8@1688.com;1/14/2022
946;Hyacinthe;Belasco;hbelascoq9@themeforest.net;8/25/2022
947;Elston;McSpirron;emcspirronqa@economist.com;7/18/2022
948;Timothea;Adamiak;tadamiakqb@wikia.com;11/23/2022
949;Merry;Polack;mpolackqc@bravesites.com;4/10/2022
950;Rebbecca;Haycraft;rhaycraftqd@va.gov;9/25/2022
951;Shermie;Eilhermann;seilhermannqe@abc.net.au;11/28/2022
952;Josy;Ferrucci;jferrucciqf@elegantthemes.com;10/21/2022
953;Koral;Bernt;kberntqg@bigcartel.com;11/6/2022
954;Mose;Rothman;mrothmanqh@msn.com;3/7/2022
955;Gage;Grieve;ggrieveqi@washingtonpost.com;5/20/2022
956;Weidar;Moyler;wmoylerqj@seattletimes.com;5/17/2022
957;Olia;Gettone;ogettoneqk@wordpress.org;3/17/2022
958;Hermie;Scoterbosh;hscoterboshql@blogger.com;11/12/2022
959;Kylen;Leechman;kleechmanqm@smh.com.au;10/27/2022
960;Lloyd;Sadry;lsadryqn@nsw.gov.au;7/20/2022
961;Carroll;Ruselin;cruselinqo@devhub.com;3/22/2022
962;Bryn;Kellough;bkelloughqp@chron.com;8/22/2022
963;Nicolette;Elgy;nelgyqq@barnesandnoble.com;3/4/2022
964;Dorise;Baggiani;dbaggianiqr@qq.com;6/27/2022
965;Jase;Deddum;jdeddumqs@dailymail.co.uk;9/20/2022
966;Marvin;Colum;mcolumqt@indiatimes.com;2/24/2022
967;Rock;Pudsey;rpudseyqu@cmu.edu;4/17/2022
968;Nerti;Boylin;nboylinqv@clickbank.net;5/31/2022
969;Stesha;Wyss;swyssqw@liveinternet.ru;2/23/2022
970;Peyton;Chillingworth;pchillingworthqx@wiley.com;5/22/2022
971;Irma;Duddell;iduddellqy@geocities.jp;11/18/2022
972;Rosy;Berrisford;rberrisfordqz@businessinsider.com;3/20/2022
973;Roana;Penny;rpennyr0@icq.com;11/27/2022
974;Dulcie;Boothby;dboothbyr1@prlog.org;8/22/2022
975;Abrahan;Hatherley;ahatherleyr2@google.ru;11/3/2022
976;Gage;O'Cahill;gocahillr3@usgs.gov;12/2/2022
977;Weston;Hamil;whamilr4@infoseek.co.jp;5/31/2022
978;Junina;Rodenborch;jrodenborchr5@wikimedia.org;1/1/2022
979;Noelle;Feldmus;nfeldmusr6@alexa.com;9/14/2022
980;Ermin;Parradine;eparradiner7@1688.com;3/4/2022
981;Munroe;Harman;mharmanr8@economist.com;10/4/2022
982;Dell;Meaking;dmeakingr9@examiner.com;5/11/2022
983;Mar;Hardi;mhardira@arizona.edu;12/3/2022
984;Marigold;Onele;monelerb@edublogs.org;12/30/2021
985;Keriann;Forsaith;kforsaithrc@nationalgeographic.com;8/24/2022
986;Ollie;Natwick;onatwickrd@addthis.com;9/6/2022
987;Vinson;Berk;vberkre@ibm.com;4/24/2022
988;Quill;Gallacher;qgallacherrf@harvard.edu;7/23/2022
989;Gelya;Robertazzi;grobertazzirg@wikipedia.org;8/9/2022
990;Donnajean;Nower;dnowerrh@ebay.co.uk;12/14/2021
991;Opaline;Froude;ofrouderi@cdc.gov;11/18/2022
992;Francesca;Izak;fizakrj@businessweek.com;4/18/2022
993;Wait;O'Hannay;wohannayrk@webs.com;4/20/2022
994;Jobyna;Alday;jaldayrl@kickstarter.com;11/1/2022
995;Raynor;Sleite;rsleiterm@symantec.com;7/2/2022
996;Dani;Derr;dderrrn@livejournal.com;7/19/2022
997;Aurie;Joscelyne;ajoscelynero@cisco.com;9/14/2022
998;Prudence;Bock;pbockrp@barnesandnoble.com;9/30/2022
999;Aaron;Ladson;aladsonrq@hao123.com;7/10/2022
1000;Valaria;Ell;vellrr@yellowbook.com;9/20/2022
